component,framework_api,classic,holo,material1,material2,material3,material_you,expressive,audit_note
BUTTON,android.widget.Button,AOSP_RESOURCES,AOSP_RESOURCES,AOSP_RESOURCES,LIBRARY:Button,LIBRARY:Button,LIBRARY:Button,LIBRARY:Button,Library API identity and historical artwork must be checked separately; CURRENT_OS is not historical evidence.
CHECKBOX,android.widget.CheckBox,AOSP_RESOURCES,AOSP_RESOURCES,AOSP_RESOURCES,LIBRARY:Checkbox,LIBRARY:Checkbox,LIBRARY:Checkbox,LIBRARY:Checkbox,Library API identity and historical artwork must be checked separately; CURRENT_OS is not historical evidence.
RADIO,android.widget.RadioButton,AOSP_RESOURCES,AOSP_RESOURCES,AOSP_RESOURCES,LIBRARY:RadioButton,LIBRARY:RadioButton,LIBRARY:RadioButton,LIBRARY:RadioButton,Library API identity and historical artwork must be checked separately; CURRENT_OS is not historical evidence.
SWITCH,android.widget.Switch,CURRENT_OS,AOSP_RESOURCES,AOSP_RESOURCES,LIBRARY:Switch,LIBRARY:Switch,LIBRARY:Switch,LIBRARY:Switch,Library API identity and historical artwork must be checked separately; CURRENT_OS is not historical evidence.
TEXT_FIELD,android.widget.EditText,AOSP_RESOURCES,AOSP_RESOURCES,AOSP_RESOURCES,LIBRARY:TextField,LIBRARY:TextField,LIBRARY:TextField,LIBRARY:TextField,Library API identity and historical artwork must be checked separately; CURRENT_OS is not historical evidence.
SLIDER,android.widget.SeekBar,AOSP_RESOURCES,AOSP_RESOURCES,AOSP_RESOURCES,LIBRARY:Slider,LIBRARY:Slider,LIBRARY:Slider,LIBRARY:Slider,Library API identity and historical artwork must be checked separately; CURRENT_OS is not historical evidence.
PROGRESS,android.widget.ProgressBar,AOSP_RESOURCES,AOSP_RESOURCES,AOSP_RESOURCES,LIBRARY:LinearProgressIndicator,LIBRARY:LinearProgressIndicator,LIBRARY:LinearProgressIndicator,LIBRARY:LinearProgressIndicator,Library API identity and historical artwork must be checked separately; CURRENT_OS is not historical evidence.
INDETERMINATE_LINEAR_PROGRESS,android.widget.ProgressBar,AOSP_RESOURCES,AOSP_RESOURCES,AOSP_RESOURCES,LIBRARY:LinearProgressIndicator,LIBRARY:LinearProgressIndicator,LIBRARY:LinearProgressIndicator,LIBRARY:LinearProgressIndicator,Library API identity and historical artwork must be checked separately; CURRENT_OS is not historical evidence.
INDETERMINATE_CIRCULAR_PROGRESS,android.widget.ProgressBar,CURRENT_OS,CURRENT_OS,CURRENT_OS,LIBRARY:CircularProgressIndicator,LIBRARY:CircularProgressIndicator,LIBRARY:CircularProgressIndicator,LIBRARY:CircularProgressIndicator,Library API identity and historical artwork must be checked separately; CURRENT_OS is not historical evidence.
DIALOG,android.app.AlertDialog,CURRENT_OS,CURRENT_OS,CURRENT_OS,LIBRARY:AlertDialog,LIBRARY:AlertDialog,LIBRARY:AlertDialog,LIBRARY:AlertDialog,Library API identity and historical artwork must be checked separately; CURRENT_OS is not historical evidence.
DATE_PICKER,android.widget.DatePicker,CURRENT_OS,CURRENT_OS,CURRENT_OS,NO_SAMPLE,LIBRARY:DatePicker,LIBRARY:DatePicker,LIBRARY:DatePicker,Library API identity and historical artwork must be checked separately; CURRENT_OS is not historical evidence.
CALENDAR_VIEW,android.widget.CalendarView,CURRENT_OS,CURRENT_OS,CURRENT_OS,NO_SAMPLE,NO_SAMPLE,NO_SAMPLE,NO_SAMPLE,Related modern concept: Material 3 DatePicker; different API and behavior.
DATE_PICKER_DIALOG,android.app.DatePickerDialog,CURRENT_OS,CURRENT_OS,CURRENT_OS,NO_SAMPLE,LIBRARY:DatePickerDialog,LIBRARY:DatePickerDialog,LIBRARY:DatePickerDialog,Library API identity and historical artwork must be checked separately; CURRENT_OS is not historical evidence.
TIME_PICKER,android.widget.TimePicker,CURRENT_OS,CURRENT_OS,CURRENT_OS,NO_SAMPLE,LIBRARY:TimePicker,LIBRARY:TimePicker,LIBRARY:TimePicker,Library API identity and historical artwork must be checked separately; CURRENT_OS is not historical evidence.
TIME_PICKER_DIALOG,android.app.TimePickerDialog,CURRENT_OS,CURRENT_OS,CURRENT_OS,NO_SAMPLE,LIBRARY:TimePickerDialog,LIBRARY:TimePickerDialog,LIBRARY:TimePickerDialog,Library API identity and historical artwork must be checked separately; CURRENT_OS is not historical evidence.
TEXT_CLOCK,android.widget.TextClock,CURRENT_OS,CURRENT_OS,CURRENT_OS,THEMED_DEMO,THEMED_DEMO,THEMED_DEMO,THEMED_DEMO,Modern choices are explicitly labeled Componentory theme demos; no Material Clock API is claimed.
ANALOG_CLOCK,android.widget.AnalogClock,AOSP_RESOURCES,AOSP_RESOURCES,AOSP_RESOURCES,THEMED_DEMO,THEMED_DEMO,THEMED_DEMO,THEMED_DEMO,Modern choices are explicitly labeled Componentory theme demos; no Material Clock API is claimed.
DIGITAL_CLOCK,android.widget.DigitalClock,CURRENT_OS,CURRENT_OS,CURRENT_OS,THEMED_DEMO,THEMED_DEMO,THEMED_DEMO,THEMED_DEMO,Modern choices are explicitly labeled Componentory theme demos; no Material Clock API is claimed.
CHRONOMETER,android.widget.Chronometer,CURRENT_OS,CURRENT_OS,CURRENT_OS,THEMED_DEMO,THEMED_DEMO,THEMED_DEMO,THEMED_DEMO,Modern choices are explicitly labeled Componentory theme demos; no Material Clock API is claimed.
SCROLL_VIEW,android.widget.ScrollView,CURRENT_OS,CURRENT_OS,CURRENT_OS,NO_SAMPLE,NO_SAMPLE,NO_SAMPLE,NO_SAMPLE,Compose Foundation scrolling is not a Material API; an equivalent demo is still missing.
HORIZONTAL_SCROLL_VIEW,android.widget.HorizontalScrollView,CURRENT_OS,CURRENT_OS,CURRENT_OS,NO_SAMPLE,NO_SAMPLE,NO_SAMPLE,NO_SAMPLE,Compose Foundation scrolling is not a Material API; an equivalent demo is still missing.
VIEW_ANIMATOR,android.widget.ViewAnimator,CURRENT_OS,CURRENT_OS,CURRENT_OS,NO_SAMPLE,NO_SAMPLE,NO_SAMPLE,NO_SAMPLE,Platform animation/container API; a Compose animation demo is still missing.
VIEW_SWITCHER,android.widget.ViewSwitcher,CURRENT_OS,CURRENT_OS,CURRENT_OS,NO_SAMPLE,NO_SAMPLE,NO_SAMPLE,NO_SAMPLE,Platform animation/container API; a Compose animation demo is still missing.
VIEW_FLIPPER,android.widget.ViewFlipper,CURRENT_OS,CURRENT_OS,CURRENT_OS,NO_SAMPLE,NO_SAMPLE,NO_SAMPLE,NO_SAMPLE,Platform animation/container API; a Compose animation demo is still missing.
TEXT_SWITCHER,android.widget.TextSwitcher,CURRENT_OS,CURRENT_OS,CURRENT_OS,NO_SAMPLE,NO_SAMPLE,NO_SAMPLE,NO_SAMPLE,Platform animation/container API; a Compose animation demo is still missing.
IMAGE_SWITCHER,android.widget.ImageSwitcher,CURRENT_OS,CURRENT_OS,CURRENT_OS,NO_SAMPLE,NO_SAMPLE,NO_SAMPLE,NO_SAMPLE,Platform animation/container API; a Compose animation demo is still missing.
FRAME_LAYOUT,android.widget.FrameLayout,CURRENT_OS,CURRENT_OS,CURRENT_OS,NO_SAMPLE,NO_SAMPLE,NO_SAMPLE,NO_SAMPLE,Layout semantics are not Material APIs; Compose Box/Row/Column equivalents need their own mapping.
LINEAR_LAYOUT,android.widget.LinearLayout,CURRENT_OS,CURRENT_OS,CURRENT_OS,NO_SAMPLE,NO_SAMPLE,NO_SAMPLE,NO_SAMPLE,Layout semantics are not Material APIs; Compose Box/Row/Column equivalents need their own mapping.
TABLE_LAYOUT,android.widget.TableLayout,CURRENT_OS,CURRENT_OS,CURRENT_OS,NO_SAMPLE,NO_SAMPLE,NO_SAMPLE,NO_SAMPLE,Layout semantics are not Material APIs; Compose Box/Row/Column equivalents need their own mapping.
GRID_LAYOUT,android.widget.GridLayout,CURRENT_OS,CURRENT_OS,CURRENT_OS,NO_SAMPLE,NO_SAMPLE,NO_SAMPLE,NO_SAMPLE,Layout semantics are not Material APIs; Compose Box/Row/Column equivalents need their own mapping.
RELATIVE_LAYOUT,android.widget.RelativeLayout,CURRENT_OS,CURRENT_OS,CURRENT_OS,NO_SAMPLE,NO_SAMPLE,NO_SAMPLE,NO_SAMPLE,Layout semantics are not Material APIs; Compose Box/Row/Column equivalents need their own mapping.
SPACE,android.widget.Space,CURRENT_OS,CURRENT_OS,CURRENT_OS,NO_SAMPLE,NO_SAMPLE,NO_SAMPLE,NO_SAMPLE,Layout semantics are not Material APIs; Compose Box/Row/Column equivalents need their own mapping.
ABSOLUTE_LAYOUT,android.widget.AbsoluteLayout,CURRENT_OS,CURRENT_OS,CURRENT_OS,NO_SAMPLE,NO_SAMPLE,NO_SAMPLE,NO_SAMPLE,Layout semantics are not Material APIs; Compose Box/Row/Column equivalents need their own mapping.
LIST_VIEW,android.widget.ListView,CURRENT_OS,CURRENT_OS,CURRENT_OS,NO_SAMPLE,NO_SAMPLE,NO_SAMPLE,NO_SAMPLE,Compose Foundation lazy lists/grids are related concepts; an equivalent demo is still missing.
GRID_VIEW,android.widget.GridView,CURRENT_OS,CURRENT_OS,CURRENT_OS,NO_SAMPLE,NO_SAMPLE,NO_SAMPLE,NO_SAMPLE,Compose Foundation lazy lists/grids are related concepts; an equivalent demo is still missing.
EXPANDABLE_LIST_VIEW,android.widget.ExpandableListView,CURRENT_OS,CURRENT_OS,CURRENT_OS,NO_SAMPLE,NO_SAMPLE,NO_SAMPLE,NO_SAMPLE,Compose Foundation lazy lists/grids are related concepts; an equivalent demo is still missing.
ZOOM_CONTROLS,android.widget.ZoomControls,CURRENT_OS,CURRENT_OS,CURRENT_OS,NO_SAMPLE,NO_SAMPLE,NO_SAMPLE,NO_SAMPLE,Library API identity and historical artwork must be checked separately; CURRENT_OS is not historical evidence.
ZOOM_BUTTON,android.widget.ZoomButton,CURRENT_OS,CURRENT_OS,CURRENT_OS,NO_SAMPLE,NO_SAMPLE,NO_SAMPLE,NO_SAMPLE,Library API identity and historical artwork must be checked separately; CURRENT_OS is not historical evidence.
ZOOM_BUTTONS_CONTROLLER,android.widget.ZoomButtonsController,CURRENT_OS,CURRENT_OS,CURRENT_OS,NO_SAMPLE,NO_SAMPLE,NO_SAMPLE,NO_SAMPLE,Library API identity and historical artwork must be checked separately; CURRENT_OS is not historical evidence.
ADAPTER_VIEW_FLIPPER,android.widget.AdapterViewFlipper,CURRENT_OS,CURRENT_OS,CURRENT_OS,NO_SAMPLE,NO_SAMPLE,NO_SAMPLE,NO_SAMPLE,Platform animation/container API; a Compose animation demo is still missing.
STACK_VIEW,android.widget.StackView,CURRENT_OS,CURRENT_OS,CURRENT_OS,NO_SAMPLE,NO_SAMPLE,NO_SAMPLE,NO_SAMPLE,Platform animation/container API; a Compose animation demo is still missing.
PLAIN_DIALOG,android.app.Dialog,CURRENT_OS,CURRENT_OS,CURRENT_OS,NO_SAMPLE,NO_SAMPLE,NO_SAMPLE,NO_SAMPLE,Library API identity and historical artwork must be checked separately; CURRENT_OS is not historical evidence.
PROGRESS_DIALOG,android.app.ProgressDialog,CURRENT_OS,CURRENT_OS,CURRENT_OS,NO_SAMPLE,NO_SAMPLE,NO_SAMPLE,NO_SAMPLE,Legacy platform API; related modern controls must keep a separate source and behavior identity.
TOAST,android.widget.Toast,AOSP_RESOURCES,AOSP_RESOURCES,AOSP_RESOURCES,AOSP_RESOURCES,AOSP_RESOURCES,AOSP_RESOURCES,AOSP_RESOURCES,Existing app popup uses pinned AOSP artwork; no Compose Toast API is claimed.
TAB_HOST,android.widget.TabHost,CURRENT_OS,CURRENT_OS,CURRENT_OS,NO_SAMPLE,NO_SAMPLE,NO_SAMPLE,NO_SAMPLE,Legacy platform API; related modern controls must keep a separate source and behavior identity.
GALLERY,android.widget.Gallery,CURRENT_OS,CURRENT_OS,CURRENT_OS,NO_SAMPLE,NO_SAMPLE,NO_SAMPLE,NO_SAMPLE,Legacy platform API; related modern controls must keep a separate source and behavior identity.
SLIDING_DRAWER,android.widget.SlidingDrawer,CURRENT_OS,CURRENT_OS,CURRENT_OS,NO_SAMPLE,NO_SAMPLE,NO_SAMPLE,NO_SAMPLE,Legacy platform API; related modern controls must keep a separate source and behavior identity.
TWO_LINE_LIST_ITEM,android.widget.TwoLineListItem,CURRENT_OS,CURRENT_OS,CURRENT_OS,NO_SAMPLE,NO_SAMPLE,NO_SAMPLE,NO_SAMPLE,Legacy platform API; related modern controls must keep a separate source and behavior identity.
POPUP_MENU,android.widget.PopupMenu,CURRENT_OS,CURRENT_OS,CURRENT_OS,LIBRARY:DropdownMenu,LIBRARY:DropdownMenu,LIBRARY:DropdownMenu,LIBRARY:DropdownMenu,Library API identity and historical artwork must be checked separately; CURRENT_OS is not historical evidence.
POPUP_WINDOW,android.widget.PopupWindow,CURRENT_OS,CURRENT_OS,CURRENT_OS,NO_SAMPLE,NO_SAMPLE,NO_SAMPLE,NO_SAMPLE,Library API identity and historical artwork must be checked separately; CURRENT_OS is not historical evidence.
LIST_POPUP_WINDOW,android.widget.ListPopupWindow,CURRENT_OS,CURRENT_OS,CURRENT_OS,NO_SAMPLE,NO_SAMPLE,NO_SAMPLE,NO_SAMPLE,Library API identity and historical artwork must be checked separately; CURRENT_OS is not historical evidence.
INLINE_CONTENT_VIEW,android.widget.inline.InlineContentView,CURRENT_OS,CURRENT_OS,CURRENT_OS,NO_SAMPLE,NO_SAMPLE,NO_SAMPLE,NO_SAMPLE,Library API identity and historical artwork must be checked separately; CURRENT_OS is not historical evidence.
ACTION_BAR,android.app.ActionBar,NO_SAMPLE,CURRENT_OS,CURRENT_OS,NO_SAMPLE,NO_SAMPLE,NO_SAMPLE,NO_SAMPLE,Related modern concept: TopAppBar; dedicated sample exists separately. Theme.Light lacks ActionBar.
TOOLBAR,android.widget.Toolbar,CURRENT_OS,CURRENT_OS,CURRENT_OS,NO_SAMPLE,NO_SAMPLE,NO_SAMPLE,NO_SAMPLE,Related modern concept: TopAppBar; dedicated sample exists separately.
ACTION_MENU_VIEW,android.widget.ActionMenuView,CURRENT_OS,CURRENT_OS,CURRENT_OS,NO_SAMPLE,NO_SAMPLE,NO_SAMPLE,NO_SAMPLE,Library API identity and historical artwork must be checked separately; CURRENT_OS is not historical evidence.
WEB_VIEW,android.webkit.WebView,CURRENT_OS,CURRENT_OS,CURRENT_OS,NO_SAMPLE,NO_SAMPLE,NO_SAMPLE,NO_SAMPLE,Platform browser capability; can be hosted within modern UI through AndroidView.
QUICK_CONTACT_BADGE,android.widget.QuickContactBadge,CURRENT_OS,CURRENT_OS,CURRENT_OS,NO_SAMPLE,NO_SAMPLE,NO_SAMPLE,NO_SAMPLE,Library API identity and historical artwork must be checked separately; CURRENT_OS is not historical evidence.
DIALER_FILTER,android.widget.DialerFilter,CURRENT_OS,CURRENT_OS,CURRENT_OS,NO_SAMPLE,NO_SAMPLE,NO_SAMPLE,NO_SAMPLE,Legacy platform API; related modern controls must keep a separate source and behavior identity.
VIDEO_VIEW,android.widget.VideoView,CURRENT_OS,CURRENT_OS,CURRENT_OS,NO_SAMPLE,NO_SAMPLE,NO_SAMPLE,NO_SAMPLE,Platform media capability; can be hosted within modern UI through AndroidView.
MEDIA_CONTROLLER,android.widget.MediaController,CURRENT_OS,CURRENT_OS,CURRENT_OS,NO_SAMPLE,NO_SAMPLE,NO_SAMPLE,NO_SAMPLE,Platform media controls; not a Material design-language availability limit.
EDGE_EFFECT,android.widget.EdgeEffect,CURRENT_OS,CURRENT_OS,CURRENT_OS,NO_SAMPLE,NO_SAMPLE,NO_SAMPLE,NO_SAMPLE,Library API identity and historical artwork must be checked separately; CURRENT_OS is not historical evidence.
SHARE_ACTION_PROVIDER,android.widget.ShareActionProvider,CURRENT_OS,CURRENT_OS,CURRENT_OS,NO_SAMPLE,NO_SAMPLE,NO_SAMPLE,NO_SAMPLE,Library API identity and historical artwork must be checked separately; CURRENT_OS is not historical evidence.
TOGGLE_BUTTON,android.widget.ToggleButton,AOSP_RESOURCES,AOSP_RESOURCES,AOSP_RESOURCES,NO_SAMPLE,LIBRARY:ToggleButton,LIBRARY:ToggleButton,LIBRARY:ToggleButton,Corrected false Expressive-only restriction; experimental API works with all three Material 3 themes.
IMAGE_BUTTON,android.widget.ImageButton,CURRENT_OS,CURRENT_OS,CURRENT_OS,NO_SAMPLE,NO_SAMPLE,NO_SAMPLE,NO_SAMPLE,Library API identity and historical artwork must be checked separately; CURRENT_OS is not historical evidence.
RATING,android.widget.RatingBar,AOSP_RESOURCES,AOSP_RESOURCES,AOSP_RESOURCES,NO_SAMPLE,NO_SAMPLE,NO_SAMPLE,NO_SAMPLE,No dedicated Material rating API is mapped; a composed rating demo is still missing.
NUMBER_PICKER,android.widget.NumberPicker,CURRENT_OS,CURRENT_OS,CURRENT_OS,NO_SAMPLE,NO_SAMPLE,NO_SAMPLE,NO_SAMPLE,No dedicated Material number-picker API is mapped; a composed picker demo is still missing.
AUTOCOMPLETE,android.widget.AutoCompleteTextView,CURRENT_OS,CURRENT_OS,CURRENT_OS,NO_SAMPLE,NO_SAMPLE,NO_SAMPLE,NO_SAMPLE,Related modern concept: exposed dropdown; editable suggestions need a separate mapping.
MULTI_AUTOCOMPLETE,android.widget.MultiAutoCompleteTextView,CURRENT_OS,CURRENT_OS,CURRENT_OS,NO_SAMPLE,NO_SAMPLE,NO_SAMPLE,NO_SAMPLE,Tokenized suggestions need a separate modern demo.
SPINNER,android.widget.Spinner,AOSP_RESOURCES,AOSP_RESOURCES,AOSP_RESOURCES,NO_SAMPLE,NO_SAMPLE,NO_SAMPLE,NO_SAMPLE,Related modern concept: ExposedDropdownMenuBox; dedicated sample exists separately.
TEXT,android.widget.TextView,CURRENT_OS,CURRENT_OS,CURRENT_OS,LIBRARY:Text,LIBRARY:Text,LIBRARY:Text,LIBRARY:Text,Library API identity and historical artwork must be checked separately; CURRENT_OS is not historical evidence.
CHECKED_TEXT_VIEW,android.widget.CheckedTextView,CURRENT_OS,CURRENT_OS,CURRENT_OS,NO_SAMPLE,NO_SAMPLE,NO_SAMPLE,NO_SAMPLE,Library API identity and historical artwork must be checked separately; CURRENT_OS is not historical evidence.
ICON,android.widget.ImageView,CURRENT_OS,CURRENT_OS,CURRENT_OS,LIBRARY:Icon,LIBRARY:Icon,LIBRARY:Icon,LIBRARY:Icon,Library API identity and historical artwork must be checked separately; CURRENT_OS is not historical evidence.
SEARCH_VIEW,android.widget.SearchView,CURRENT_OS,CURRENT_OS,CURRENT_OS,NO_SAMPLE,NO_SAMPLE,NO_SAMPLE,NO_SAMPLE,Related modern concept: Material 3 SearchBar; dedicated sample exists separately.
