family,source,apiIntroduced,status,catalogId,notes
"PLATFORM","android.app.ActionBar","11","Pending","",""
"PLATFORM","android.app.AlertDialog","1","Implemented","DIALOG",""
"PLATFORM","android.app.DatePickerDialog","1","Implemented","DATE_PICKER_DIALOG",""
"PLATFORM","android.app.Dialog","1","Implemented","PLAIN_DIALOG","The base Dialog, not AlertDialog."
"PLATFORM","android.app.ProgressDialog","1","Implemented","PROGRESS_DIALOG","Deprecated at API 26."
"PLATFORM","android.app.TimePickerDialog","1","Implemented","TIME_PICKER_DIALOG",""
"PLATFORM","android.webkit.WebView","1","Implemented","WEB_VIEW",""
"PLATFORM","android.widget.AbsoluteLayout","1","Implemented","ABSOLUTE_LAYOUT","Themed children at fixed coordinates; deprecated legacy container."
"PLATFORM","android.widget.ActionMenuView","21","Implemented","ACTION_MENU_VIEW","Real menu items rendered as action buttons; last action copies."
"PLATFORM","android.widget.AdapterViewFlipper","11","Implemented","ADAPTER_VIEW_FLIPPER",""
"PLATFORM","android.widget.AnalogClock","1","Implemented","ANALOG_CLOCK","Deprecated since API 23; rendered with the theme's original dial drawables."
"PLATFORM","android.widget.AutoCompleteTextView","1","Implemented","AUTOCOMPLETE",""
"PLATFORM","android.widget.Button","1","Implemented","BUTTON",""
"PLATFORM","android.widget.CalendarView","11","Implemented","CALENDAR_VIEW",""
"PLATFORM","android.widget.CheckBox","1","Implemented","CHECKBOX",""
"PLATFORM","android.widget.CheckedTextView","1","Implemented","CHECKED_TEXT_VIEW","Fixed localized text with a host-controlled checked value and the theme's multiple-choice mark; tapping does not auto-toggle."
"PLATFORM","android.widget.Chronometer","1","Implemented","CHRONOMETER","Start/stop/reset buttons are framework widgets inside the sample."
"PLATFORM","android.widget.DatePicker","1","Implemented","DATE_PICKER",""
"PLATFORM","android.widget.DialerFilter","1","Implemented","DIALER_FILTER","Deprecated in API 26."
"PLATFORM","android.widget.DigitalClock","1","Implemented","DIGITAL_CLOCK","Deprecated since API 17; still rendered as a ticking text display."
"PLATFORM","android.widget.EdgeEffect","14","Implemented","EDGE_EFFECT","Drawn by a host View, matching ScrollView overscroll usage."
"PLATFORM","android.widget.EditText","1","Implemented","TEXT_FIELD",""
"PLATFORM","android.widget.ExpandableListView","1","Implemented","EXPANDABLE_LIST_VIEW","Real group and child rows whose expanded-group bitmask copies."
"PLATFORM","android.widget.FrameLayout","1","Implemented","FRAME_LAYOUT","Themed label and corner marker stacked in the real container."
"PLATFORM","android.widget.Gallery","1","Implemented","GALLERY","Deprecated at API 16."
"PLATFORM","android.widget.GridLayout","14","Implemented","GRID_LAYOUT","Four themed children placed in a two-column grid."
"PLATFORM","android.widget.GridView","1","Implemented","GRID_VIEW","Three columns of ArrayAdapter cells with a single-choice checked item that copies."
"PLATFORM","android.widget.HorizontalScrollView","3","Implemented","HORIZONTAL_SCROLL_VIEW","Fixed-width themed lines overflow a bounded viewport for real horizontal scrolling."
"PLATFORM","android.widget.ImageButton","1","Implemented","IMAGE_BUTTON",""
"PLATFORM","android.widget.ImageSwitcher","1","Implemented","IMAGE_SWITCHER","Themed Previous/Next buttons alternate two framework star drawables through the real widget."
"PLATFORM","android.widget.ImageView","1","Implemented","ICON","Icon sample uses public framework drawable resources from the current OS."
"PLATFORM","android.widget.LinearLayout","1","Implemented","LINEAR_LAYOUT","Three themed children share equal weight in the real container."
"PLATFORM","android.widget.ListPopupWindow","11","Implemented","LIST_POPUP_WINDOW","Anchored to the panel button; item selection is the copyable state."
"PLATFORM","android.widget.ListView","1","Implemented","LIST_VIEW","ArrayAdapter rows with a single-choice checked item that copies."
"PLATFORM","android.widget.MediaController","1","Implemented","MEDIA_CONTROLLER","Anchored to a real VideoView playing a bundled clip."
"PLATFORM","android.widget.MultiAutoCompleteTextView","1","Implemented","MULTI_AUTOCOMPLETE",""
"PLATFORM","android.widget.NumberPicker","11","Implemented","NUMBER_PICKER",""
"PLATFORM","android.widget.PopupMenu","11","Implemented","POPUP_MENU","Themed anchored popup with two active choices and one disabled choice."
"PLATFORM","android.widget.PopupWindow","1","Implemented","POPUP_WINDOW","Anchored floating content view; the open count is the copyable state."
"PLATFORM","android.widget.ProgressBar","1","Implemented","PROGRESS;INDETERMINATE_LINEAR_PROGRESS;INDETERMINATE_CIRCULAR_PROGRESS","Horizontal determinate and horizontal/circular indeterminate samples; circular styles are indeterminate only."
"PLATFORM","android.widget.QuickContactBadge","5","Implemented","QUICK_CONTACT_BADGE",""
"PLATFORM","android.widget.RadioButton","1","Implemented","RADIO",""
"PLATFORM","android.widget.RadioGroup","1","Implemented","RADIO","RadioButton sample uses a real RadioGroup."
"PLATFORM","android.widget.RatingBar","1","Implemented","RATING",""
"PLATFORM","android.widget.RelativeLayout","1","Implemented","RELATIVE_LAYOUT","Themed children anchored by real alignment rules."
"PLATFORM","android.widget.ScrollView","1","Implemented","SCROLL_VIEW","Fixed column of themed lines inside a bounded height for real vertical scrolling."
"PLATFORM","android.widget.SearchView","11","Implemented","SEARCH_VIEW",""
"PLATFORM","android.widget.SeekBar","1","Implemented","SLIDER",""
"PLATFORM","android.widget.ShareActionProvider","14","Implemented","SHARE_ACTION_PROVIDER","Hosted as a real ActionProvider on a menu item."
"PLATFORM","android.widget.SlidingDrawer","3","Implemented","SLIDING_DRAWER","Deprecated at API 17; inflated with handle/content attrs."
"PLATFORM","android.widget.Space","14","Implemented","SPACE","Real gap widget between two themed labels."
"PLATFORM","android.widget.Spinner","1","Implemented","SPINNER",""
"PLATFORM","android.widget.StackView","11","Implemented","STACK_VIEW",""
"PLATFORM","android.widget.Switch","14","Implemented","SWITCH",""
"PLATFORM","android.widget.TabHost","1","Implemented","TAB_HOST","Deprecated at API 30; TabWidget is the strip inside."
"PLATFORM","android.widget.TabWidget","1","Implemented","TAB_HOST","Deprecated at API 30; the strip inside the TabHost sample."
"PLATFORM","android.widget.TableLayout","1","Implemented","TABLE_LAYOUT","Themed cells laid out through real TableRow children."
"PLATFORM","android.widget.TableRow","1","Implemented","TABLE_LAYOUT","Row content inside the TableLayout sample."
"PLATFORM","android.widget.TextClock","17","Implemented","TEXT_CLOCK","Both format fields pinned so the sample's 12/24-hour switch controls the display."
"PLATFORM","android.widget.TextSwitcher","1","Implemented","TEXT_SWITCHER","Themed Previous/Next buttons cycle four localized lines through the real widget."
"PLATFORM","android.widget.TextView","1","Implemented","TEXT","Fixed localized multiline text; no editable-input or automatic text-selection claim."
"PLATFORM","android.widget.TimePicker","1","Implemented","TIME_PICKER;TIME_PICKER_DIALOG","Standalone inline sample and interactive time control inside the TimePickerDialog sample."
"PLATFORM","android.widget.Toast","1","Implemented","TOAST",""
"PLATFORM","android.widget.ToggleButton","1","Implemented","TOGGLE_BUTTON",""
"PLATFORM","android.widget.Toolbar","21","Implemented","TOOLBAR","Title, subtitle, navigation icon and action items; last action copies."
"PLATFORM","android.widget.TwoLineListItem","1","Implemented","TWO_LINE_LIST_ITEM","Deprecated at API 17; inflated from android.R.layout.two_line_list_item."
"PLATFORM","android.widget.VideoView","1","Implemented","VIDEO_VIEW","Plays a bundled two-second clip."
"PLATFORM","android.widget.ViewAnimator","1","Implemented","VIEW_ANIMATOR","Themed Previous/Next buttons step four themed text pages through the real widget."
"PLATFORM","android.widget.ViewFlipper","1","Implemented","VIEW_FLIPPER","Themed Previous/Next buttons step four themed text pages; timed auto-flip stays off."
"PLATFORM","android.widget.ViewSwitcher","1","Implemented","VIEW_SWITCHER","Themed Previous/Next buttons animate between two themed text pages."
"PLATFORM","android.widget.ZoomButton","1","Implemented","ZOOM_BUTTON","Deprecated API 26 magnifier button stepping the zoom level."
"PLATFORM","android.widget.ZoomButtonsController","4","Implemented","ZOOM_BUTTONS_CONTROLLER","Deprecated API 26 controller overlaying zoom buttons on a themed owner view."
"PLATFORM","android.widget.ZoomControls","1","Implemented","ZOOM_CONTROLS","Deprecated API 29 paired zoom buttons driving the level counter."
"PLATFORM","android.widget.inline.InlineContentView","30","Pending","","No public constructor; the platform creates it inside inline content sessions."
"MATERIAL2","androidx.compose.material.AlertDialog","","Implemented","DIALOG",""
"MATERIAL2","androidx.compose.material.BackdropScaffold","","Implemented","BACKDROP_SCAFFOLD","Material 2 backdrop with a real concealed back layer."
"MATERIAL2","androidx.compose.material.Badge","","Implemented","BADGE;DOT_BADGE","Number and dot variants from the pinned library; read-only appearance."
"MATERIAL2","androidx.compose.material.BadgedBox","","Implemented","BADGED_BOX","Anchored number badge with any available icon from the pinned icon catalog."
"MATERIAL2","androidx.compose.material.BottomAppBar","","Implemented","BOTTOM_APP_BAR","Material 2 bottom bar with a real action item."
"MATERIAL2","androidx.compose.material.BottomDrawer","","Implemented","BOTTOM_DRAWER","Material 2 bottom drawer driven by a real DrawerState."
"MATERIAL2","androidx.compose.material.BottomNavigation","","Implemented","NAVIGATION_BAR","Material 2 bottom bar hosting real BottomNavigationItem destinations."
"MATERIAL2","androidx.compose.material.BottomNavigationItem","","Implemented","NAVIGATION_BAR","Destination item inside the BottomNavigation sample."
"MATERIAL2","androidx.compose.material.BottomSheetScaffold","","Implemented","BOTTOM_SHEET_SCAFFOLD","Material 2 scaffold hosting a persistent standard sheet."
"MATERIAL2","androidx.compose.material.Button","","Implemented","BUTTON",""
"MATERIAL2","androidx.compose.material.Card","","Implemented","CARD","Clickable and non-clickable overloads use library defaults."
"MATERIAL2","androidx.compose.material.Checkbox","","Implemented","CHECKBOX",""
"MATERIAL2","androidx.compose.material.Chip","","Implemented","CHIP",""
"MATERIAL2","androidx.compose.material.CircularProgressIndicator","","Implemented","CIRCULAR_PROGRESS;INDETERMINATE_CIRCULAR_PROGRESS","Determinate and indeterminate samples from the pinned library."
"MATERIAL2","androidx.compose.material.Divider","","Implemented","HORIZONTAL_DIVIDER",""
"MATERIAL2","androidx.compose.material.DropdownMenu","","Implemented","POPUP_MENU","Anchored popup with original library defaults. Selecting a choice closes this sample menu."
"MATERIAL2","androidx.compose.material.DropdownMenuItem","","Implemented","POPUP_MENU","Interactive rows inside the Popup menu sample; no standalone row or exposed dropdown sample."
"MATERIAL2","androidx.compose.material.ExposedDropdownMenuBox","","Implemented","EXPOSED_DROPDOWN","Material 2 box anchoring a real menu to its read-only field."
"MATERIAL2","androidx.compose.material.ExtendedFloatingActionButton","","Implemented","EXTENDED_FAB",""
"MATERIAL2","androidx.compose.material.FilterChip","","Implemented","FILTER_CHIP",""
"MATERIAL2","androidx.compose.material.FloatingActionButton","","Implemented","FAB",""
"MATERIAL2","androidx.compose.material.Icon","","Implemented","ICON",""
"MATERIAL2","androidx.compose.material.IconButton","","Implemented","ICON_BUTTON",""
"MATERIAL2","androidx.compose.material.IconToggleButton","","Implemented","ICON_TOGGLE",""
"MATERIAL2","androidx.compose.material.LeadingIconTab","","Implemented","TAB_ROW","Icon-leading tab inside the Material 2 TabRow sample."
"MATERIAL2","androidx.compose.material.LinearProgressIndicator","","Implemented","PROGRESS;INDETERMINATE_LINEAR_PROGRESS","Determinate and indeterminate samples from the pinned library."
"MATERIAL2","androidx.compose.material.ListItem","","Implemented","LIST_ITEM","Real Material 2 ListItem row with primary and secondary text."
"MATERIAL2","androidx.compose.material.ModalBottomSheetLayout","","Implemented","MODAL_BOTTOM_SHEET","Material 2 layout hosting a modal sheet."
"MATERIAL2","androidx.compose.material.ModalDrawer","","Implemented","MODAL_NAVIGATION_DRAWER","Material 2 modal drawer driven by a real DrawerState."
"MATERIAL2","androidx.compose.material.NavigationRail","","Implemented","NAVIGATION_RAIL","Material 2 rail hosting real NavigationRailItem destinations."
"MATERIAL2","androidx.compose.material.NavigationRailItem","","Implemented","NAVIGATION_RAIL","Destination item inside the NavigationRail sample."
"MATERIAL2","androidx.compose.material.OutlinedButton","","Implemented","OUTLINED_BUTTON",""
"MATERIAL2","androidx.compose.material.OutlinedSecureTextField","","Implemented","OUTLINED_SECURE_TEXT_FIELD",""
"MATERIAL2","androidx.compose.material.OutlinedTextField","","Implemented","OUTLINED_TEXT_FIELD",""
"MATERIAL2","androidx.compose.material.RadioButton","","Implemented","RADIO",""
"MATERIAL2","androidx.compose.material.RangeSlider","","Implemented","RANGE_SLIDER",""
"MATERIAL2","androidx.compose.material.Scaffold","","Implemented","SCAFFOLD","Material 2 scaffold arranging body content with its layout slots."
"MATERIAL2","androidx.compose.material.ScrollableTabRow","","Implemented","SCROLLABLE_TAB_ROW","Material 2 scrollable row hosting real Tab items."
"MATERIAL2","androidx.compose.material.SecureTextField","","Implemented","SECURE_TEXT_FIELD",""
"MATERIAL2","androidx.compose.material.Slider","","Implemented","SLIDER",""
"MATERIAL2","androidx.compose.material.Snackbar","","Implemented","SNACKBAR","Shown by the sample SnackbarHost on every button tap."
"MATERIAL2","androidx.compose.material.SnackbarHost","","Implemented","SNACKBAR","Hosts and queues the Material 2 Snackbar surface."
"MATERIAL2","androidx.compose.material.Surface","","Implemented","SURFACE","Clickable and non-clickable overloads use library defaults."
"MATERIAL2","androidx.compose.material.SwipeToDismiss","","Implemented","SWIPE_TO_DISMISS","Material 2 row revealing a background while swiping."
"MATERIAL2","androidx.compose.material.Switch","","Implemented","SWITCH",""
"MATERIAL2","androidx.compose.material.Tab","","Implemented","TAB_ROW","Tab item inside the Material 2 TabRow and ScrollableTabRow samples."
"MATERIAL2","androidx.compose.material.TabRow","","Implemented","TAB_ROW","Material 2 tab row hosting real Tab and LeadingIconTab items."
"MATERIAL2","androidx.compose.material.Text","","Implemented","TEXT","Fixed localized multiline text using the library's original read-only Text API."
"MATERIAL2","androidx.compose.material.TextButton","","Implemented","TEXT_BUTTON",""
"MATERIAL2","androidx.compose.material.TextField","","Implemented","TEXT_FIELD",""
"MATERIAL2","androidx.compose.material.TopAppBar","","Implemented","TOP_APP_BAR","Material 2 top app bar with a real action item."
"MATERIAL2","androidx.compose.material.TriStateCheckbox","","Implemented","TRI_STATE_CHECKBOX",""
"MATERIAL3","androidx.compose.material3.AlertDialog","","Implemented","DIALOG",""
"MATERIAL3","androidx.compose.material3.AppBarColumn","","Pending","",""
"MATERIAL3","androidx.compose.material3.AppBarRow","","Pending","",""
"MATERIAL3","androidx.compose.material3.AssistChip","","Implemented","ASSIST_CHIP",""
"MATERIAL3","androidx.compose.material3.Badge","","Implemented","BADGE;DOT_BADGE","Number and dot variants from the pinned library; read-only appearance."
"MATERIAL3","androidx.compose.material3.BadgedBox","","Implemented","BADGED_BOX","Anchored number badge with any available icon from the pinned icon catalog."
"MATERIAL3","androidx.compose.material3.BasicAlertDialog","","Implemented","BASIC_ALERT_DIALOG","The Material 3 unstyled alert dialog sample."
"MATERIAL3","androidx.compose.material3.BottomAppBar","","Implemented","BOTTOM_APP_BAR","Material 3 bottom bar with a real action item."
"MATERIAL3","androidx.compose.material3.BottomSheetScaffold","","Implemented","BOTTOM_SHEET_SCAFFOLD","Material 3 scaffold hosting a persistent standard sheet."
"MATERIAL3","androidx.compose.material3.Button","","Implemented","BUTTON",""
"MATERIAL3","androidx.compose.material3.Card","","Implemented","CARD","Clickable and non-clickable overloads use library defaults."
"MATERIAL3","androidx.compose.material3.CenterAlignedTopAppBar","","Implemented","CENTER_ALIGNED_TOP_APP_BAR","Material 3 centered top app bar with a real action item."
"MATERIAL3","androidx.compose.material3.Checkbox","","Implemented","CHECKBOX",""
"MATERIAL3","androidx.compose.material3.CircularProgressIndicator","","Implemented","CIRCULAR_PROGRESS;INDETERMINATE_CIRCULAR_PROGRESS","Determinate and indeterminate samples from the pinned library."
"MATERIAL3","androidx.compose.material3.DatePicker","","Implemented","DATE_PICKER;DATE_PICKER_DIALOG","Standalone inline sample and interactive calendar content inside the DatePickerDialog sample."
"MATERIAL3","androidx.compose.material3.DatePickerDialog","","Implemented","DATE_PICKER_DIALOG",""
"MATERIAL3","androidx.compose.material3.DateRangePicker","","Implemented","DATE_RANGE_PICKER",""
"MATERIAL3","androidx.compose.material3.DismissibleDrawerSheet","","Implemented","DISMISSIBLE_NAVIGATION_DRAWER","Sheet hosting the dismissible drawer sample items."
"MATERIAL3","androidx.compose.material3.DismissibleNavigationDrawer","","Implemented","DISMISSIBLE_NAVIGATION_DRAWER","Material 3 dismissible drawer driven by a real DrawerState."
"MATERIAL3","androidx.compose.material3.Divider","","Implemented","LEGACY_DIVIDER","Deprecated API still called directly; renamed to HorizontalDivider in Material 3."
"MATERIAL3","androidx.compose.material3.DockedSearchBar","","Implemented","DOCKED_SEARCH_BAR","The Material 3 docked search bar sample."
"MATERIAL3","androidx.compose.material3.DropdownMenu","","Implemented","POPUP_MENU","Anchored popup with original library defaults. Selecting a choice closes this sample menu."
"MATERIAL3","androidx.compose.material3.DropdownMenuItem","","Implemented","POPUP_MENU","Interactive rows inside the Popup menu sample; no standalone row or exposed dropdown sample."
"MATERIAL3","androidx.compose.material3.ElevatedAssistChip","","Implemented","ELEVATED_ASSIST_CHIP",""
"MATERIAL3","androidx.compose.material3.ElevatedButton","","Implemented","ELEVATED_BUTTON",""
"MATERIAL3","androidx.compose.material3.ElevatedCard","","Implemented","ELEVATED_CARD","Clickable and non-clickable overloads use library defaults."
"MATERIAL3","androidx.compose.material3.ElevatedFilterChip","","Implemented","ELEVATED_FILTER_CHIP",""
"MATERIAL3","androidx.compose.material3.ElevatedSuggestionChip","","Implemented","ELEVATED_SUGGESTION_CHIP",""
"MATERIAL3","androidx.compose.material3.ExpandedDockedSearchBar","","Pending","",""
"MATERIAL3","androidx.compose.material3.ExpandedFullScreenSearchBar","","Implemented","TOP_SEARCH_BAR","Supporting source rendering the TopSearchBar expanded results."
"MATERIAL3","androidx.compose.material3.ExposedDropdownMenuBox","","Implemented","EXPOSED_DROPDOWN","Material 3 box anchoring a real menu to its read-only field."
"MATERIAL3","androidx.compose.material3.ExtendedFloatingActionButton","","Implemented","EXTENDED_FAB",""
"MATERIAL3","androidx.compose.material3.FilledIconButton","","Implemented","FILLED_ICON_BUTTON",""
"MATERIAL3","androidx.compose.material3.FilledIconToggleButton","","Implemented","FILLED_ICON_TOGGLE",""
"MATERIAL3","androidx.compose.material3.FilledTonalButton","","Implemented","TONAL_BUTTON",""
"MATERIAL3","androidx.compose.material3.FilledTonalIconButton","","Implemented","TONAL_ICON_BUTTON",""
"MATERIAL3","androidx.compose.material3.FilledTonalIconToggleButton","","Implemented","TONAL_ICON_TOGGLE",""
"MATERIAL3","androidx.compose.material3.FilterChip","","Implemented","FILTER_CHIP",""
"MATERIAL3","androidx.compose.material3.FloatingActionButton","","Implemented","FAB",""
"MATERIAL3","androidx.compose.material3.HorizontalDivider","","Implemented","HORIZONTAL_DIVIDER",""
"MATERIAL3","androidx.compose.material3.Icon","","Implemented","ICON",""
"MATERIAL3","androidx.compose.material3.IconButton","","Implemented","ICON_BUTTON",""
"MATERIAL3","androidx.compose.material3.IconToggleButton","","Implemented","ICON_TOGGLE",""
"MATERIAL3","androidx.compose.material3.InputChip","","Implemented","INPUT_CHIP",""
"MATERIAL3","androidx.compose.material3.Label","","Pending","",""
"MATERIAL3","androidx.compose.material3.LargeFloatingActionButton","","Implemented","LARGE_FAB",""
"MATERIAL3","androidx.compose.material3.LargeTopAppBar","","Implemented","LARGE_TOP_APP_BAR","Material 3 three-row top app bar with a real action item."
"MATERIAL3","androidx.compose.material3.LeadingIconTab","","Implemented","TAB_ROW","Icon-leading tab inside the Material 3 TabRow sample."
"MATERIAL3","androidx.compose.material3.LinearProgressIndicator","","Implemented","PROGRESS;INDETERMINATE_LINEAR_PROGRESS","Determinate and indeterminate samples from the pinned library."
"MATERIAL3","androidx.compose.material3.ListItem","","Implemented","LIST_ITEM","Real Material 3 ListItem row with headline and supporting text."
"MATERIAL3","androidx.compose.material3.MediumTopAppBar","","Implemented","MEDIUM_TOP_APP_BAR","Material 3 two-row top app bar with a real action item."
"MATERIAL3","androidx.compose.material3.ModalBottomSheet","","Implemented","MODAL_BOTTOM_SHEET","Material 3 modal sheet shown above content."
"MATERIAL3","androidx.compose.material3.ModalDrawerSheet","","Implemented","MODAL_NAVIGATION_DRAWER","Sheet hosting the modal drawer sample items."
"MATERIAL3","androidx.compose.material3.ModalNavigationDrawer","","Implemented","MODAL_NAVIGATION_DRAWER","Material 3 modal drawer driven by a real DrawerState."
"MATERIAL3","androidx.compose.material3.ModalWideNavigationRail","","Implemented","MODAL_WIDE_NAVIGATION_RAIL","Material 3 modal wide rail overlaying content."
"MATERIAL3","androidx.compose.material3.MultiChoiceSegmentedButtonRow","","Implemented","MULTI_SEGMENTED",""
"MATERIAL3","androidx.compose.material3.NavigationBar","","Implemented","NAVIGATION_BAR","Material 3 bar hosting real NavigationBarItem destinations."
"MATERIAL3","androidx.compose.material3.NavigationBarItem","","Implemented","NAVIGATION_BAR","Destination item inside the NavigationBar sample."
"MATERIAL3","androidx.compose.material3.NavigationDrawerItem","","Implemented","MODAL_NAVIGATION_DRAWER","Destination item used by all three Material 3 drawer samples."
"MATERIAL3","androidx.compose.material3.NavigationRail","","Implemented","NAVIGATION_RAIL","Material 3 rail hosting real NavigationRailItem destinations."
"MATERIAL3","androidx.compose.material3.NavigationRailItem","","Implemented","NAVIGATION_RAIL","Destination item inside the NavigationRail sample."
"MATERIAL3","androidx.compose.material3.OutlinedButton","","Implemented","OUTLINED_BUTTON",""
"MATERIAL3","androidx.compose.material3.OutlinedCard","","Implemented","OUTLINED_CARD","Clickable and non-clickable overloads use library defaults."
"MATERIAL3","androidx.compose.material3.OutlinedIconButton","","Implemented","OUTLINED_ICON_BUTTON",""
"MATERIAL3","androidx.compose.material3.OutlinedIconToggleButton","","Implemented","OUTLINED_ICON_TOGGLE",""
"MATERIAL3","androidx.compose.material3.OutlinedSecureTextField","","Implemented","OUTLINED_SECURE_TEXT_FIELD",""
"MATERIAL3","androidx.compose.material3.OutlinedTextField","","Implemented","OUTLINED_TEXT_FIELD",""
"MATERIAL3","androidx.compose.material3.PermanentDrawerSheet","","Implemented","PERMANENT_NAVIGATION_DRAWER","Sheet hosting the permanent drawer sample items."
"MATERIAL3","androidx.compose.material3.PermanentNavigationDrawer","","Implemented","PERMANENT_NAVIGATION_DRAWER","Material 3 always-visible drawer; carries no open state."
"MATERIAL3","androidx.compose.material3.PlainTooltip","","Implemented","PLAIN_TOOLTIP","Material 3 plain tooltip inside the TooltipBox host."
"MATERIAL3","androidx.compose.material3.PrimaryScrollableTabRow","","Implemented","PRIMARY_SCROLLABLE_TAB_ROW","Material 3 primary-styled scrolling tab row."
"MATERIAL3","androidx.compose.material3.PrimaryTabRow","","Implemented","PRIMARY_TAB_ROW","Material 3 primary-styled fixed tab row."
"MATERIAL3","androidx.compose.material3.RadioButton","","Implemented","RADIO",""
"MATERIAL3","androidx.compose.material3.RangeSlider","","Implemented","RANGE_SLIDER",""
"MATERIAL3","androidx.compose.material3.RichTooltip","","Implemented","RICH_TOOLTIP","Material 3 rich tooltip with title and action inside the TooltipBox host."
"MATERIAL3","androidx.compose.material3.Scaffold","","Implemented","SCAFFOLD","Material 3 scaffold arranging body content with its layout slots."
"MATERIAL3","androidx.compose.material3.ScrollableTabRow","","Implemented","SCROLLABLE_TAB_ROW","Material 3 scrollable row hosting real Tab items."
"MATERIAL3","androidx.compose.material3.SearchBar","","Implemented","SEARCH_BAR","The Material 3 full-screen search bar sample."
"MATERIAL3","androidx.compose.material3.SecondaryScrollableTabRow","","Implemented","SECONDARY_SCROLLABLE_TAB_ROW","Material 3 secondary-styled scrolling tab row."
"MATERIAL3","androidx.compose.material3.SecondaryTabRow","","Implemented","SECONDARY_TAB_ROW","Material 3 secondary-styled fixed tab row."
"MATERIAL3","androidx.compose.material3.SecureTextField","","Implemented","SECURE_TEXT_FIELD",""
"MATERIAL3","androidx.compose.material3.SegmentedButton","","Implemented","SINGLE_SEGMENTED;MULTI_SEGMENTED","Used in both segmented-row samples."
"MATERIAL3","androidx.compose.material3.ShortNavigationBar","","Implemented","SHORT_NAVIGATION_BAR","Material 3 compact bar hosting real ShortNavigationBarItem destinations."
"MATERIAL3","androidx.compose.material3.ShortNavigationBarItem","","Implemented","SHORT_NAVIGATION_BAR","Destination item inside the ShortNavigationBar sample."
"MATERIAL3","androidx.compose.material3.SingleChoiceSegmentedButtonRow","","Implemented","SINGLE_SEGMENTED",""
"MATERIAL3","androidx.compose.material3.Slider","","Implemented","SLIDER",""
"MATERIAL3","androidx.compose.material3.SmallFloatingActionButton","","Implemented","SMALL_FAB",""
"MATERIAL3","androidx.compose.material3.Snackbar","","Implemented","SNACKBAR","Shown by the sample SnackbarHost on every button tap."
"MATERIAL3","androidx.compose.material3.SnackbarHost","","Implemented","SNACKBAR","Hosts and queues the Material 3 Snackbar surface."
"MATERIAL3","androidx.compose.material3.SuggestionChip","","Implemented","SUGGESTION_CHIP",""
"MATERIAL3","androidx.compose.material3.Surface","","Implemented","SURFACE","Clickable and non-clickable overloads use library defaults."
"MATERIAL3","androidx.compose.material3.SwipeToDismissBox","","Implemented","SWIPE_TO_DISMISS","Material 3 row revealing a background while swiping."
"MATERIAL3","androidx.compose.material3.Switch","","Implemented","SWITCH",""
"MATERIAL3","androidx.compose.material3.Tab","","Implemented","TAB_ROW","Tab item inside the Material 3 TabRow and ScrollableTabRow samples."
"MATERIAL3","androidx.compose.material3.TabRow","","Implemented","TAB_ROW","Material 3 tab row hosting real Tab and LeadingIconTab items."
"MATERIAL3","androidx.compose.material3.Text","","Implemented","TEXT","Fixed localized multiline text using the library's original read-only Text API."
"MATERIAL3","androidx.compose.material3.TextButton","","Implemented","TEXT_BUTTON",""
"MATERIAL3","androidx.compose.material3.TextField","","Implemented","TEXT_FIELD",""
"MATERIAL3","androidx.compose.material3.TimeInput","","Implemented","TIME_INPUT;TIME_PICKER_DIALOG","Standalone inline sample and interactive text input mode inside the TimePickerDialog sample."
"MATERIAL3","androidx.compose.material3.TimePicker","","Implemented","TIME_PICKER;TIME_PICKER_DIALOG","Standalone inline sample and interactive clock mode inside the TimePickerDialog sample."
"MATERIAL3","androidx.compose.material3.TimePickerDialog","","Implemented","TIME_PICKER_DIALOG",""
"MATERIAL3","androidx.compose.material3.TooltipBox","","Implemented","PLAIN_TOOLTIP;RICH_TOOLTIP","Tooltip host anchoring both tooltip samples."
"MATERIAL3","androidx.compose.material3.TopAppBar","","Implemented","TOP_APP_BAR","Material 3 top app bar with a real action item."
"MATERIAL3","androidx.compose.material3.TopSearchBar","","Implemented","TOP_SEARCH_BAR","The Material 3 top-pinned search bar sample."
"MATERIAL3","androidx.compose.material3.TriStateCheckbox","","Implemented","TRI_STATE_CHECKBOX",""
"MATERIAL3","androidx.compose.material3.VerticalDivider","","Implemented","VERTICAL_DIVIDER",""
"MATERIAL3","androidx.compose.material3.VerticalDragHandle","","Pending","",""
"MATERIAL3","androidx.compose.material3.WideNavigationRail","","Implemented","WIDE_NAVIGATION_RAIL","Material 3 expanded wide rail hosting real items."
"MATERIAL3","androidx.compose.material3.WideNavigationRailItem","","Implemented","WIDE_NAVIGATION_RAIL;MODAL_WIDE_NAVIGATION_RAIL","Destination item inside the wide rail samples."
"MATERIAL3","androidx.compose.material3.carousel.HorizontalCenteredHeroCarousel","","Pending","",""
"MATERIAL3","androidx.compose.material3.carousel.HorizontalMultiBrowseCarousel","","Pending","",""
"MATERIAL3","androidx.compose.material3.carousel.HorizontalUncontainedCarousel","","Pending","",""
"MATERIAL3","androidx.compose.material3.pulltorefresh.PullToRefreshBox","","Pending","",""
